{
  "date": "2021-04-16T23:25:49.618Z",
  "title": "3 razões para você começar uma Dieta Vegana",
  "description": "Neste artigo você vai encontrar razões para você começar uma Dieta Vegana.",
  "body": "**O que é a Dieta Vegana**\n\nDe forma simples e objetiva a **dieta vegana** consiste na exclusão do consumo de qualquer produto de origem animal. \n\nÉ fundamental ressaltar que o veganismo é um estilo de vida, que busca excluir, na medida do possível, todas as formas de exploração contra os animais, ou seja, é uma filosofia de vida que vai muito além da alimentação e engloba ideologia, vestuário, cosméticos e qualquer outra esfera de consumo. \n\n* Quais as Vantagensda **Dieta Vegana?**\n\nPara quem busca uma alimentação com alta ingestão de derivados de frutas, hortaliças, cereais integrais, leguminosas e consequentemente um consumo elevado de fibras, fitoquímicos e baixo teor de gorduras totais e saturadas, **a dieta vegana é a melhor opção.**\n\nAlém disso, esse tipo de alimentação também pode auxiliar no **controle da glicemia e dos níveis de colesterol no sangue**.\n\n* **Existem desvantagens na dieta vegana?**\n\nSim! O maior risco é de ter déficit de nutrientes em situações onde a alimentação não é bem planejada.\n\n* Quais as diferenças entre as dietas **vegana e vegetariana?**\n\nSegundo a Sociedade Vegetariana Brasileira o vegetarianismo inclui o veganismo. \n\nO vegano é o indivíduo vegetariano estrito que não consome nenhum alimento oriundo do reino animal para nenhum fim. \n\nJá o vegetarianismo consiste na exclusão de alimentos de origem animal, podendo ou não utilizar laticínios ou ovos. \n\n**Os principais tipos de vegetarianismo são:**\n\n* Vegetarianismo estrito: não utiliza nenhum produto de origem animal na sua alimentação.\n* Ovovegetarianismo: utiliza ovos na sua alimentação.\n* Lactovegetarianismo: utiliza leite e laticínios na sua alimentação.\n* Ovolactovegetarianismo: utiliza ovos, leite e laticínios na sua alimentação. \n\n**Dieta vegana emagrece?** \n\nA dieta vegana é rica em frutas, verduras, legumes, alimentos que são[ ricos em fibras](https://www.emporiotiasonia.com.br/todos-os-produtos), minerais e vitaminas que auxiliam no processo de emagrecimento e promovem saciedade. \n\nPorém o que emagrece é o defict calórico (o indivíduo precisa ter um gasto energético mais elevado do que a ingestão calórica ao final do dia) e não determinada dieta.\n\n* Dicas de **Alimentos Veganos** [Tia Sônia](https://www.emporiotiasonia.com.br/todos-os-produtos)\n\nCom exceção da *granola tradicional, granola chocolate e tapioca crocante* **todos os outros [produtos da Tia Sônia](https://www.emporiotiasonia.com.br/todos-os-produtos) são veganos.**",
  "meta_title": "3 razões para você começar uma Dieta Vegana",
  "meta_description": "A dieta vegana é rica em frutas, verduras, legumes, alimentos que são ricos em fibras, minerais e vitaminas que auxiliam no processo de emagrecimento e promovem saciedade.",
  "sections": [
    {
      "type": "banner-slider",
      "autoplay": 9000,
      "slides": [
        {
          "start": "",
          "end": "",
          "img": "/img/uploads/low-carb-lancamento-tiasonia-pc.jpg",
          "link": "https://www.emporiotiasonia.com.br/todos-os-produtos",
          "alt": "low"
        }
      ]
    },
    {
      "type": "breadcrumbs",
      "enabled": true
    },
    {
      "type": "page-title",
      "title": "3 razões para você começar uma Dieta Vegana",
      "description": "A dieta vegana é rica em frutas, verduras, legumes, alimentos que são ricos em fibras, minerais e vitaminas que auxiliam no processo de emagrecimento e promovem saciedade."
    },
    {
      "type": "blog-post",
      "enabled": true
    },
    {
      "type": "collection-shelf",
      "shuffle": false,
      "limit": "",
      "page": "",
      "collection_id": "5ef2992d14ff772fde7ae3c2:collections:Vegano:/vegano-col",
      "sort": "sales",
      "headless": true
    }
  ],
  "thumbnail": "/img/uploads/ag024203-1-snacks-1500px.jpg"
}