{
  "date": "2021-04-28T13:38:43.551Z",
  "title": "Alimentos Prebióticos: o que são e quais os benefícios",
  "body": "**O que são alimentos prebióticos?**\n\nOs prebióticos são componentes alimentares não-digeríveis, que estimulam a proliferação das bactérias boas/desejáveis no intestino. Adicionalmente, o prebiótico pode inibir a multiplicação de patógenos, garantindo benefícios adicionais para saúde.\n\n**[Alimentos Tia Sônia ](https://www.emporiotiasonia.com.br/search?term=prebiotico)com Prebióticos**\n\nConheça a [Granola Tia Sônia com prebiótico](https://www.emporiotiasonia.com.br/search?term=prebiotico). O seu grande diferencial é a inulina na sua composição, uma fibra solúvel (considerada prebiótico), ou seja, auxilia na nutrição de bactérias boas ao nosso corpo e na manutenção da integridade intestinal e fortalecimento do sistema imunológico. \n\n**Qual a diferença entre probióticos e prebióticos?**\n\nProbióticos são microrganismos vivos, administrados em quantidades adequadas, que conferem benefícios à saúde do hospedeiro. Esses organismos podem ser de diversas espécies, como os famosos lactobacilos ou outros. Já os prebióticos são basicamente os “substratos” importantes para os probióticos se multiplicarem. \n\n**Quais os benefícios?**\n\n*Os benefícios dos **probióticos** são:*\n\n* Estímulo da imunidade;\n* Resistência do intestino aos patógenos (organismos que causam doenças);\n* Controle da microbiota intestinal;\n* Aumento da absorção de minerais e produção de vitaminas;\n* Alívio de constipação (prisão de ventre);\n* Estabilização da microbiota intestinal após o uso de antibióticos;\n* Promoção da digestão da lactose em indivíduos intolerantes à lactose;\n* Aumento da absorção de minerais e produção de vitaminas, entre outros;\n\n*Já os **prebióticos** contribuem para:*\n\n* Regulagem da absorção de cálcio;\n* Modulação da composição da microbiota intestinal com o aumento de bactérias benéficas no intestino;\n* Redução do risco de câncer de cólon, entre outros;\n* Inibição da multiplicação de patógenos (causadores de doenças);\n* Melhora no metabolismo lipídico.\n\n**Como consumir Prebióticos?**\n\nEles são encontrados em alimentos como psyllium, alho, cebola, banana, aveia, maça e etc. Podem ser consumidos *in natura* ou em cápsulas. \n\n**Como consumir Probióticos de forma natural?**\n\nOs gêneros mais utilizados são Lactobacillus, Bifidobac¬terium, Enterococcus e Streptococcus. Encontramos os probióticos em: Leite fermentado, iogurte natural, alguns tipos de queijo (como cottage e kefir), chicória, alcachofra de Jerusalém, chucrute, kombucha, pães com fermentação natural.",
  "description": "Conheça os pontos mais importantes sobre os alimentos prebióticos",
  "meta_title": "Alimentos Prebióticos: o que são e quais os benefícios",
  "meta_description": "Os prebióticos são componentes alimentares não-digeríveis, que estimulam a proliferação das bactérias boas/desejáveis no intestino.",
  "sections": [
    {
      "type": "banner-slider",
      "autoplay": 9000,
      "slides": [
        {
          "start": "2021-04-28T13:55:26.938Z",
          "end": "",
          "img": "/img/uploads/low-carb-lancamento-tiasonia-pc.jpg",
          "link": "https://www.emporiotiasonia.com.br/search?term=prebiotico",
          "alt": "prebiotico"
        }
      ]
    },
    {
      "type": "breadcrumbs",
      "enabled": true
    },
    {
      "type": "blog-post",
      "enabled": true
    },
    {
      "type": "collection-shelf",
      "shuffle": false,
      "limit": 12,
      "page": 1,
      "collection_id": "5d09318d24607a6a42d714d2:categories:Low Carb:/low-carb",
      "headless": true
    }
  ],
  "thumbnail": "/img/uploads/prebiotico.jpg"
}