{
  "date": "2021-01-25T14:05:37.645Z",
  "title": "Tudo sobre Granolas: Perguntas e Respostas",
  "thumbnail": "/img/uploads/nossos-produtos-experimente-nossos-produtos-1500px-1.jpg",
  "description": "Encontre neste artigo as melhores respostas para as principais dúvidas sobre granola. ",
  "meta_title": "Tudo sobre Granolas: Perguntas e Respostas",
  "meta_description": "Encontre neste artigo as informações nutricionais mais importantes sobre Granola. ",
  "body": "> Use o Cupom: **S2GRANOLA** e aproveite para levar um tipo de cada **Granola Tia Sônia.** [Clique aqui e confira!](https://www.emporiotiasonia.com.br/search?term=granola&utm_source=blog-granola&utm_medium=blog-granola&utm_campaign=blog-granola)\n\n1. **É saudável comer [granola](https://www.emporiotiasonia.com.br/granola-tia-sonia)?**\n\n   Dentro de uma alimentação equilibrada, a granola pode ser consumida diariamente e é uma opção saudável para complementar diversas refeições.\n\n   O que vai determinar se é saudável ou não consumir granola é a quantidade e a frequência do seu consumo.\n2. **Qual é o benefício da [granola](https://www.emporiotiasonia.com.br/granola-tia-sonia)?**\n\n   Estimula o bom funcionamento intestinal;\n\n   Contribui para a prevenção e o controle da diabetes;\n\n   Auxilia na redução do colesterol ruim;\n\n   Protege a saúde do coração;\n\n   Previne doenças que afeta o sistema nervoso;\n\n   Fornece energia para atividades do cotidiano.\n3. **Como utilizar a [granola ](https://www.emporiotiasonia.com.br/granola-tia-sonia)para emagrecer?**\n\n   Geralmente a granola é rica em fibra e por isso, é um alimento que auxilia no processo de emagrecimento. \n\n   As fibras auxiliam na saciedade através da formação de um gel no estômago, além disso melhora o trânsito intestinal e facilitam a eliminação das fezes. \n\n   Mas atenção, para que as fibras cumpram seu papel da forma correta, o consumo de água é fundamental.\n4. **Do que é feito a [granola](https://www.emporiotiasonia.com.br/granola-tia-sonia)?**\n\n   Cada granola tem uma composição específica sendo uma mistura equilibrada de alguns alimentos, como:  cereais, frutas desidratadas, sementes (como de abóbora, de girassol, de gergelim, de chia, de linhaça), oleaginosas e leguminosas (castanha do para, castanha de caju, amêndoa, amendoim e lentilha).\n5. **Pode comer [granola ](https://www.emporiotiasonia.com.br/granola-tia-sonia)todos os dias?**\n\n   Dentro de uma alimentação equilibrada, a granola pode ser consumida diariamente e é uma opção saudável para complementar diversas refeições.\n6. **Faz mal comer [granola](https://www.emporiotiasonia.com.br/granola-tia-sonia) todos os dias?**\n\n   Não, desde que esteja de acordo com a sua necessidade energética diária.\n7. **É bom comer [granola ](https://www.emporiotiasonia.com.br/granola-tia-sonia)à noite?**\n\n   A granola pode ser consumida em qualquer horário do dia, desde que esteja de acordo com a sua necessidade energética diária.\n\n   A noite é importante priorizar o consumo de granola fonte de gordura boa, rica em coco, sementes, oleaginosas.\n8. **Como saber se a [granola ](https://www.emporiotiasonia.com.br/granola-tia-sonia)é saudável?**\n\n   É possível escolher uma granola mais saudável lendo o rótulo do produto.\n\n   Priorizando aquela adoçada de forma natural, fonte de fibras, rica em gorduras boas, como castanha de caju, castanha-do-pará, amêndoa. E que não contenha conservantes e aromatizantes.\n9. **Quais os benefícios da [granola ](https://www.emporiotiasonia.com.br/granola-tia-sonia)com iogurte?**\n\n   Uma ótima combinação já que auxilia o sistema digestivo. O iogurte auxilia o bom funcionamento do intestino e quando associada com produtos fontes de fibras os benefícios são ainda mais potencializados.\n10. **Qual o melhor horário para comer [granola](https://www.emporiotiasonia.com.br/granola-tia-sonia)?**\n\n    A granola pode ser consumida em qualquer horário do dia. Excelente opção para café da manhã e lanches.\n11. **Como comer [granola ](https://www.emporiotiasonia.com.br/granola-tia-sonia)com leite?**\n\n    A granola pode ser consumida com leite e derivados!\n\n    Algumas sugestões são com iogurte, coalhada, leite com frutas e granola, seja na forma de vitamina ou sólida mesmo.\n12. **Aveia presente na [granola ](https://www.emporiotiasonia.com.br/granola-tia-sonia)engorda?**\n\n    Nenhum alimento isolado engorda ou emagrece.\n\n    A aveia é um alimento saudável e com alto teor de fibras. As fibras alimentares naturalmente presentes na aveia podem ajudar no bom funcionamento do intestino.\n13. **Quanto tempo dura a [granola](https://www.emporiotiasonia.com.br/granola-tia-sonia)?**\n\n    Em média 6 meses na embalagem e 4 semanas se conservada em um recipiente bem fechado em local seco e fresco.  \n14. **Quais são os tipos de [granola](https://www.emporiotiasonia.com.br/granola-tia-sonia)?**\n\n    [Tradicional](https://www.emporiotiasonia.com.br/tradicional);\n\n    [Light ](https://www.emporiotiasonia.com.br/light)(nessa versão o valor é reduzido de gorduras);\n\n    [Zero açúcar;](https://www.emporiotiasonia.com.br/x-pin)\n\n    [Low carb;](https://www.emporiotiasonia.com.br/low-carb)\n\n    [Orgânica](https://www.emporiotiasonia.com.br/organica);\n\n    [Sem glúten.](https://www.emporiotiasonia.com.br/sem-gluten)\n15. **O que é [granola vegana](https://www.emporiotiasonia.com.br/granola-tia-sonia-organica-200g)?**\n\n    A Granola não utiliza ingrediente de origem animal de origem animal. Além disso, nenhum animal pode ser utilizado em testes nos seus processos.\n16. **Quais os benefícios de comer mamão com [granola ](https://www.emporiotiasonia.com.br/granola-tia-sonia)todos os dias?**\n\n    O mamão é uma fruta rica em fibras, betacaroteno (precursor de vitamina A), folato e potássio. Uma combinação de nutrientes que contribui para a bom funcionamento do intestino, controle do colesterol e o nível de açúcar de sangue. \n17. **Pode comer [granola ](https://www.emporiotiasonia.com.br/granola-tia-sonia)pura?**\n\n    Sim! Mas é sempre recomendável consultar um nutricionista antes de incluir esse e outros alimentos na sua dieta.\n\n**Tem alguma dúvida que não foi respondida aqui?** Envie sua pergunta em nosso site ou redes sociais. \n\nUse o Cupom: **S2GRANOLA** e aproveite para levar um tipo de cada **Granola Tia Sônia.**\n\n[Clique aqui e confira!](https://www.emporiotiasonia.com.br/search?term=granola&utm_source=blog-granola&utm_medium=blog-granola&utm_campaign=blog-granola)",
  "sections": [
    {
      "type": "banner-slider",
      "autoplay": 9000,
      "slides": [
        {
          "start": "",
          "end": "",
          "img": "/img/uploads/03-1920x500-granola_-min.jpg",
          "link": "https://www.emporiotiasonia.com.br/granola-tia-sonia",
          "alt": "granola"
        }
      ]
    },
    {
      "type": "breadcrumbs",
      "enabled": true
    },
    {
      "type": "page-title",
      "title": "Tudo sobre Granolas: Perguntas e Respostas",
      "description": "Encontre neste artigo as informações nutricionais mais importantes sobre Granola. "
    },
    {
      "type": "blog-post",
      "enabled": true
    },
    {
      "type": "collection-shelf",
      "shuffle": false,
      "limit": "",
      "page": "",
      "collection_id": "5d09315724607a6a42d714cc:categories:Granolas:/granola-tia-sonia",
      "sort": "sales",
      "title": "Granola é Tia Sônia!"
    }
  ]
}