{
  "marketing_stripe": {
    "text": "🎁 Cupom: GRANOLA10 + Frete Grátis (compras acima de 100) ",
    "link": "",
    "background": "#0a59a8",
    "color": "#ffffff"
  },
  "contacts_stripe": {
    "pages": [
      {
        "title": "CONTATOS",
        "link": "https://www.emporiotiasonia.com.br/pages/contato"
      },
      {
        "title": "REVENDA",
        "link": "https://docs.google.com/forms/d/e/1FAIpQLSd0D_JwA36qSMeSArUjFZMWvjBpV3FuKQM5gpIQJwcNK8D9ig/viewform"
      }
    ],
    "phone_wpp": false,
    "socials": false
  },
  "categories_list": {
    "featured": [
      "/todos-os-produtos?Todos os Produtos",
      "/kits-tia-sonia?Kits Tia Sônia",
      "/granola-tia-sonia?Granolas",
      "/snacks?Snacks",
      "/bebidas-em-po?Bebidas",
      "/low-carb?Low Carb",
      "/cafe-colheita-das-alegrias?Café Orgânico",
      "/pipocas-sinta?Pipocas Sinta+"
    ],
    "random": 0,
    "full_width": true
  },
  "search_input": true
}