{
  "meta_title": "Tia Sônia - Faz bem mais feliz!",
  "meta_description": "Alimentos Tia Sônia. Para um mundo com fome de viver, somos alimento pro corpo e pra alma. Faz bem mais feliz! ",
  "sections": [
    {
      "type": "banner-slider",
      "autoplay": 0,
      "slides": [
        {
          "start": "",
          "end": "",
          "img": "/img/uploads/week-granola.jpg",
          "link": "https://www.emporiotiasonia.com.br/granola-tia-sonia",
          "alt": "granola",
          "mobile_img": "/img/uploads/granolasweekfeed.mobile-1080x1080.jpg"
        },
        {
          "start": "",
          "end": "",
          "img": "/img/uploads/04-1920x500-px-1-min.jpg",
          "mobile_img": "/img/uploads/03-1080x1080px-min.jpg",
          "link": "https://www.emporiotiasonia.com.br/search",
          "alt": "Frete "
        }
      ]
    },
    {
      "type": "collection-shelf",
      "shuffle": false,
      "collection_id": "5deaa397cea1b26d087dc20a:collections:Mais vendidos:/mais-vendidos",
      "sort": "sales",
      "title": "Os Preferidos!"
    },
    {
      "type": "collection-shelf",
      "shuffle": true,
      "collection_id": "5f43fb1bf023684cdbdc7aee:collections:Novidades da Tia Sônia:/novidades-da-tia-sonia",
      "title": "Lançamentos!",
      "sort": "news"
    },
    {
      "type": "responsive-banner",
      "link": "https://docs.google.com/forms/d/e/1FAIpQLSd0D_JwA36qSMeSArUjFZMWvjBpV3FuKQM5gpIQJwcNK8D9ig/viewform",
      "alt": "parceiros",
      "img": "/img/uploads/bannersitejpg-min.jpg",
      "mobile_img": "/img/uploads/bannermobilejpg-min.jpg"
    },
    {
      "type": "collection-shelf",
      "shuffle": false,
      "collection_id": "5e04f9b1661b5405730b8040:categories:Kits Tia Sônia:/kits-tia-sonia",
      "sort": "sales",
      "title": "Mais, por menos!"
    },
    {
      "type": "custom-html",
      "html": "<h4 class=\"products-carousel__title\"><a target=\"_blank\" href=\"https://certificados.trustvox.com.br/emporiotiasonia\">Milhares de clientes já provaram os Produtos Tia Sônia, confira algumas opiniões.</a></h4>"
    },
    {
      "type": "custom-html",
      "html": "<!-- Trustvox -->\n<script type=\"text/javascript\" src=\"//colt.trustvox.com.br/colt.min.js\"></script><script>var _trustvox_colt = _trustvox_colt || [];_trustvox_colt.push(['_storeId', '85317'], ['_limit', '9']);</script>\n<!-- /Trustvox -->\n<div id=\"_trustvox_colt\"></div>"
    },
    {
      "type": "collection-shelf",
      "shuffle": true,
      "collection_id": "5f99819fb2161709fa453ee6:categories:Café Orgânico:/cafe-colheita-das-alegrias",
      "sort": "sales",
      "title": "Café Orgânico!"
    },
    {
      "type": "collection-shelf",
      "shuffle": false,
      "limit": "",
      "page": "",
      "collection_id": "5f1f23581eda6e4befb57d9a:categories:Pipocas Sinta+:/pipocas-gourmet",
      "title": "Pipocas Gourmet!",
      "sort": "sales"
    },
    {
      "type": "custom-html",
      "html": "<h1 style=\"\n    text-align: center;\n    color: #aaaa;\n\">Conheça a história da melhor Granola do Brasil!</h1>"
    },
    {
      "type": "responsive-banner",
      "img": "/img/uploads/tstorytiasonia.jpg",
      "alt": "História de Tia Sônia",
      "link": "http://www.tiasonia.com.br/pt-br/sobre"
    },
    {
      "type": "blog",
      "enabled": true
    }
  ]
}