{
  "assetsByChunkName": {
    "vendors~app-account~app-confirmation~app-order": [
      "chunk.8c9c2634073254533084.js",
      "chunk.8c9c2634073254533084.js.map"
    ],
    "vendors~app-account~app-checkout": [
      "chunk.d16ef702c111ac1b56a0.js",
      "chunk.d16ef702c111ac1b56a0.js.map"
    ],
    "vendors~app-cart~app-checkout": [
      "chunk.bf65a6c2ae3e57c0b4e7.js",
      "chunk.bf65a6c2ae3e57c0b4e7.js.map"
    ],
    "admin": [
      "admin.d9a326daa3412c0f2cb9.js",
      "admin.d9a326daa3412c0f2cb9.js.map"
    ],
    "app-account": [
      "chunk.0c7526024d202fbcc82b.js",
      "chunk.0c7526024d202fbcc82b.js.map"
    ],
    "app-cart": [
      "chunk.52ee9699c3958cc73e51.js",
      "chunk.52ee9699c3958cc73e51.js.map"
    ],
    "app-checkout": [
      "chunk.e566930bd5676314833c.js",
      "chunk.e566930bd5676314833c.js.map"
    ],
    "app-confirmation": [
      "chunk.12156e35c7681da7a9f0.js",
      "chunk.12156e35c7681da7a9f0.js.map"
    ],
    "app-order": [
      "chunk.c01cd864b53552cfa5a7.js",
      "chunk.c01cd864b53552cfa5a7.js.map"
    ],
    "checkout": [
      "checkout.cc55889ff8f3931b7174.js",
      "checkout.cc55889ff8f3931b7174.js.map"
    ],
    "storefront": [
      "storefront.95628ff36776dbd425ae.css",
      "storefront.9f5f3015f0699086a2a4.js",
      "storefront.95628ff36776dbd425ae.css.map",
      "storefront.9f5f3015f0699086a2a4.js.map"
    ]
  }
}